timestamp,tradingsymbol,transaction_type,quantity,average_price,order_status,order_id,SeqNo,PL_RATE,PL_AMOUNT,P&L Time,timestamp_gmt,suffix,Order_Time_Line,Order_Line,Long_Short_Line,PL_Line,PL_Callout
11/21/2025 9:21,NIFTY-25Nov2025-26300-CE,BUY,75,56.75,Traded,1.39225E+12,1,,,,11/21/2025 3:51,CE,"t1=timestamp('GMT',2025,11,21,3,51,46)","line.new(t1,low,t1,high,xloc.bar_time,extend.both,color.green,line.style_solid,2)",,,
11/21/2025 9:24,NIFTY-25Nov2025-26300-CE,SELL,75,58.6,Traded,1.20225E+12,2,1.9,142,2:40,11/21/2025 3:54,CE,"t2=timestamp('GMT',2025,11,21,3,54,26)","line.new(t2,low,t2,high,xloc.bar_time,extend.both,color.red,line.style_solid,1)","line.new(t2,low,t2,high,xloc.bar_time,extend.both,color.green,line.style_solid,1)","line.new(t2,low,t2,high,xloc.bar_time,extend.both,color.green,line.style_solid,2)","label.new(t2, high * 1.02, text=str.tostring(1.9), xloc=xloc.bar_time, style=label.style_label_center, color=color.green, textcolor=color.white, size=size.small)"
11/21/2025 9:27,NIFTY-25Nov2025-26400-CE,BUY,150,33.25,Traded,1.12225E+12,3,,,,11/21/2025 3:57,CE,"t3=timestamp('GMT',2025,11,21,3,57,11)","line.new(t3,low,t3,high,xloc.bar_time,extend.both,color.green,line.style_solid,2)",,,
11/21/2025 9:32,NIFTY-25Nov2025-26400-CE,SELL,150,35,Traded,1.23225E+12,4,1.8,270,5:28,11/21/2025 4:02,CE,"t4=timestamp('GMT',2025,11,21,4,2,39)","line.new(t4,low,t4,high,xloc.bar_time,extend.both,color.red,line.style_solid,1)","line.new(t4,low,t4,high,xloc.bar_time,extend.both,color.green,line.style_solid,1)","line.new(t4,low,t4,high,xloc.bar_time,extend.both,color.green,line.style_solid,2)","label.new(t4, high * 1.02, text=str.tostring(1.8), xloc=xloc.bar_time, style=label.style_label_center, color=color.green, textcolor=color.white, size=size.small)"
11/21/2025 9:56,NIFTY-25Nov2025-26300-CE,BUY,75,44.45,Traded,1.37225E+13,5,,,,11/21/2025 4:26,CE,"t5=timestamp('GMT',2025,11,21,4,26,52)","line.new(t5,low,t5,high,xloc.bar_time,extend.both,color.green,line.style_solid,2)",,,
11/21/2025 9:58,NIFTY-25Nov2025-26300-CE,SELL,75,46.4,Traded,1.29225E+13,6,1.9,142,1:50,11/21/2025 4:28,CE,"t6=timestamp('GMT',2025,11,21,4,28,42)","line.new(t6,low,t6,high,xloc.bar_time,extend.both,color.red,line.style_solid,1)","line.new(t6,low,t6,high,xloc.bar_time,extend.both,color.green,line.style_solid,1)","line.new(t6,low,t6,high,xloc.bar_time,extend.both,color.green,line.style_solid,2)","label.new(t6, high * 1.02, text=str.tostring(1.9), xloc=xloc.bar_time, style=label.style_label_center, color=color.green, textcolor=color.white, size=size.small)"
11/21/2025 10:12,NIFTY-25Nov2025-26300-CE,BUY,150,39,Traded,1.35225E+13,7,,,,11/21/2025 4:42,CE,"t7=timestamp('GMT',2025,11,21,4,42,33)","line.new(t7,low,t7,high,xloc.bar_time,extend.both,color.green,line.style_solid,2)",,,
11/21/2025 10:14,NIFTY-25Nov2025-26300-CE,SELL,150,36.55,Traded,1.16225E+13,8,-2.5,-375,1:50,11/21/2025 4:44,CE,"t8=timestamp('GMT',2025,11,21,4,44,23)","line.new(t8,low,t8,high,xloc.bar_time,extend.both,color.red,line.style_solid,1)","line.new(t8,low,t8,high,xloc.bar_time,extend.both,color.green,line.style_solid,1)","line.new(t8,low,t8,high,xloc.bar_time,extend.both,color.red,line.style_solid,2)","label.new(t8, high * 1.02, text=str.tostring(-2.5), xloc=xloc.bar_time, style=label.style_label_center, color=color.red, textcolor=color.white, size=size.small)"
11/21/2025 10:17,NIFTY-25Nov2025-25900-PE,BUY,75,43.15,Traded,1.19225E+13,9,,,,11/21/2025 4:47,PE,"t9=timestamp('GMT',2025,11,21,4,47,42)","line.new(t9,low,t9,high,xloc.bar_time,extend.both,color.yellow,line.style_solid,2)",,,
11/21/2025 10:18,NIFTY-25Nov2025-25900-PE,SELL,75,45.45,Traded,1.30225E+13,10,2.3,172,0:54,11/21/2025 4:48,PE,"t10=timestamp('GMT',2025,11,21,4,48,36)","line.new(t10,low,t10,high,xloc.bar_time,extend.both,color.blue,line.style_solid,1)","line.new(t10,low,t10,high,xloc.bar_time,extend.both,color.red,line.style_solid,1)","line.new(t10,low,t10,high,xloc.bar_time,extend.both,color.green,line.style_solid,2)","label.new(t10, high * 1.02, text=str.tostring(2.3), xloc=xloc.bar_time, style=label.style_label_center, color=color.green, textcolor=color.white, size=size.small)"
11/21/2025 10:24,NIFTY-25Nov2025-26300-CE,BUY,150,34.8,Traded,1.12225E+13,11,,,,11/21/2025 4:54,CE,"t11=timestamp('GMT',2025,11,21,4,54,37)","line.new(t11,low,t11,high,xloc.bar_time,extend.both,color.green,line.style_solid,2)",,,
11/21/2025 10:30,NIFTY-25Nov2025-26300-CE,SELL,150,32.7,Traded,1.37225E+13,12,-2.1,-315,5:58,11/21/2025 5:00,CE,"t12=timestamp('GMT',2025,11,21,5,0,35)","line.new(t12,low,t12,high,xloc.bar_time,extend.both,color.red,line.style_solid,1)","line.new(t12,low,t12,high,xloc.bar_time,extend.both,color.green,line.style_solid,1)","line.new(t12,low,t12,high,xloc.bar_time,extend.both,color.red,line.style_solid,2)","label.new(t12, high * 1.02, text=str.tostring(-2.1), xloc=xloc.bar_time, style=label.style_label_center, color=color.red, textcolor=color.white, size=size.small)"
11/21/2025 10:31,NIFTY-25Nov2025-26300-CE,BUY,150,34.8,Traded,1.36225E+13,13,,,,11/21/2025 5:01,CE,"t13=timestamp('GMT',2025,11,21,5,1,22)","line.new(t13,low,t13,high,xloc.bar_time,extend.both,color.green,line.style_solid,2)",,,
11/21/2025 10:35,NIFTY-25Nov2025-26300-CE,SELL,150,31.9,Traded,1.12225E+13,14,-2.9,-435,3:41,11/21/2025 5:05,CE,"t14=timestamp('GMT',2025,11,21,5,5,3)","line.new(t14,low,t14,high,xloc.bar_time,extend.both,color.red,line.style_solid,1)","line.new(t14,low,t14,high,xloc.bar_time,extend.both,color.green,line.style_solid,1)","line.new(t14,low,t14,high,xloc.bar_time,extend.both,color.red,line.style_solid,2)","label.new(t14, high * 1.02, text=str.tostring(-2.9), xloc=xloc.bar_time, style=label.style_label_center, color=color.red, textcolor=color.white, size=size.small)"
11/21/2025 10:37,NIFTY-25Nov2025-26300-CE,BUY,150,34.8,Traded,1.24225E+13,15,,,,11/21/2025 5:07,CE,"t15=timestamp('GMT',2025,11,21,5,7,0)","line.new(t15,low,t15,high,xloc.bar_time,extend.both,color.green,line.style_solid,2)",,,
11/21/2025 10:42,NIFTY-25Nov2025-26300-CE,SELL,150,33.25,Traded,1.28225E+13,16,-1.5,-225,5:41,11/21/2025 5:12,CE,"t16=timestamp('GMT',2025,11,21,5,12,41)","line.new(t16,low,t16,high,xloc.bar_time,extend.both,color.red,line.style_solid,1)","line.new(t16,low,t16,high,xloc.bar_time,extend.both,color.green,line.style_solid,1)","line.new(t16,low,t16,high,xloc.bar_time,extend.both,color.red,line.style_solid,2)","label.new(t16, high * 1.02, text=str.tostring(-1.5), xloc=xloc.bar_time, style=label.style_label_center, color=color.red, textcolor=color.white, size=size.small)"
11/21/2025 10:50,NIFTY-25Nov2025-26300-CE,BUY,75,35.8,Traded,1.37225E+13,17,,,,11/21/2025 5:20,CE,"t17=timestamp('GMT',2025,11,21,5,20,43)","line.new(t17,low,t17,high,xloc.bar_time,extend.both,color.green,line.style_solid,2)",,,
11/21/2025 10:53,NIFTY-25Nov2025-26300-CE,SELL,75,33.75,Traded,1.29225E+13,18,-2,-150,2:38,11/21/2025 5:23,CE,"t18=timestamp('GMT',2025,11,21,5,23,21)","line.new(t18,low,t18,high,xloc.bar_time,extend.both,color.red,line.style_solid,1)","line.new(t18,low,t18,high,xloc.bar_time,extend.both,color.green,line.style_solid,1)","line.new(t18,low,t18,high,xloc.bar_time,extend.both,color.red,line.style_solid,2)","label.new(t18, high * 1.02, text=str.tostring(-2.0), xloc=xloc.bar_time, style=label.style_label_center, color=color.red, textcolor=color.white, size=size.small)"
11/21/2025 10:57,NIFTY-25Nov2025-26300-CE,BUY,75,36,Traded,1.23225E+13,19,,,,11/21/2025 5:27,CE,"t19=timestamp('GMT',2025,11,21,5,27,7)","line.new(t19,low,t19,high,xloc.bar_time,extend.both,color.green,line.style_solid,2)",,,
11/21/2025 10:59,NIFTY-25Nov2025-26300-CE,SELL,75,37.6,Traded,1.39225E+13,20,1.6,120,2:19,11/21/2025 5:29,CE,"t20=timestamp('GMT',2025,11,21,5,29,26)","line.new(t20,low,t20,high,xloc.bar_time,extend.both,color.red,line.style_solid,1)","line.new(t20,low,t20,high,xloc.bar_time,extend.both,color.green,line.style_solid,1)","line.new(t20,low,t20,high,xloc.bar_time,extend.both,color.green,line.style_solid,2)","label.new(t20, high * 1.02, text=str.tostring(1.6), xloc=xloc.bar_time, style=label.style_label_center, color=color.green, textcolor=color.white, size=size.small)"
11/21/2025 11:11,NIFTY-25Nov2025-26300-CE,BUY,75,37,Traded,1.15225E+13,21,,,,11/21/2025 5:41,CE,"t21=timestamp('GMT',2025,11,21,5,41,24)","line.new(t21,low,t21,high,xloc.bar_time,extend.both,color.green,line.style_solid,2)",,,
11/21/2025 11:15,NIFTY-25Nov2025-26300-CE,SELL,75,40.55,Traded,1.31225E+13,22,3.5,262,3:36,11/21/2025 5:45,CE,"t22=timestamp('GMT',2025,11,21,5,45,0)","line.new(t22,low,t22,high,xloc.bar_time,extend.both,color.red,line.style_solid,1)","line.new(t22,low,t22,high,xloc.bar_time,extend.both,color.green,line.style_solid,1)","line.new(t22,low,t22,high,xloc.bar_time,extend.both,color.green,line.style_solid,2)","label.new(t22, high * 1.02, text=str.tostring(3.5), xloc=xloc.bar_time, style=label.style_label_center, color=color.green, textcolor=color.white, size=size.small)"
11/21/2025 11:27,NIFTY-25Nov2025-26300-CE,BUY,75,37.85,Traded,1.15225E+13,23,,,,11/21/2025 5:57,CE,"t23=timestamp('GMT',2025,11,21,5,57,51)","line.new(t23,low,t23,high,xloc.bar_time,extend.both,color.green,line.style_solid,2)",,,
11/21/2025 12:05,NIFTY-25Nov2025-26300-CE,SELL,75,40.25,Traded,1.19225E+13,24,2.4,180,38:02:00,11/21/2025 6:35,CE,"t24=timestamp('GMT',2025,11,21,6,35,53)","line.new(t24,low,t24,high,xloc.bar_time,extend.both,color.red,line.style_solid,1)","line.new(t24,low,t24,high,xloc.bar_time,extend.both,color.green,line.style_solid,1)","line.new(t24,low,t24,high,xloc.bar_time,extend.both,color.green,line.style_solid,2)","label.new(t24, high * 1.02, text=str.tostring(2.4), xloc=xloc.bar_time, style=label.style_label_center, color=color.green, textcolor=color.white, size=size.small)"
11/21/2025 12:13,NIFTY-25Nov2025-26300-CE,BUY,75,42.2,Traded,1.21225E+13,25,,,,11/21/2025 6:43,CE,"t25=timestamp('GMT',2025,11,21,6,43,42)","line.new(t25,low,t25,high,xloc.bar_time,extend.both,color.green,line.style_solid,2)",,,
11/21/2025 12:15,NIFTY-25Nov2025-26300-CE,SELL,75,42.3,Traded,1.28225E+13,26,0.1,8,1:48,11/21/2025 6:45,CE,"t26=timestamp('GMT',2025,11,21,6,45,30)","line.new(t26,low,t26,high,xloc.bar_time,extend.both,color.red,line.style_solid,1)","line.new(t26,low,t26,high,xloc.bar_time,extend.both,color.green,line.style_solid,1)","line.new(t26,low,t26,high,xloc.bar_time,extend.both,color.green,line.style_solid,2)","label.new(t26, high * 1.02, text=str.tostring(0.1), xloc=xloc.bar_time, style=label.style_label_center, color=color.green, textcolor=color.white, size=size.small)"
11/21/2025 12:49,NIFTY-25Nov2025-26300-CE,BUY,75,51.1,Traded,1.19225E+13,27,,,,11/21/2025 7:19,CE,"t27=timestamp('GMT',2025,11,21,7,19,11)","line.new(t27,low,t27,high,xloc.bar_time,extend.both,color.green,line.style_solid,2)",,,
11/21/2025 12:51,NIFTY-25Nov2025-26300-CE,SELL,75,58,Traded,1.15225E+13,28,6.9,518,1:57,11/21/2025 7:21,CE,"t28=timestamp('GMT',2025,11,21,7,21,8)","line.new(t28,low,t28,high,xloc.bar_time,extend.both,color.red,line.style_solid,1)","line.new(t28,low,t28,high,xloc.bar_time,extend.both,color.green,line.style_solid,1)","line.new(t28,low,t28,high,xloc.bar_time,extend.both,color.green,line.style_solid,2)","label.new(t28, high * 1.02, text=str.tostring(6.9), xloc=xloc.bar_time, style=label.style_label_center, color=color.green, textcolor=color.white, size=size.small)"
11/21/2025 13:21,NIFTY-25Nov2025-25900-PE,BUY,150,31.25,Traded,1.32225E+13,29,,,,11/21/2025 7:51,PE,"t29=timestamp('GMT',2025,11,21,7,51,11)","line.new(t29,low,t29,high,xloc.bar_time,extend.both,color.yellow,line.style_solid,2)",,,
11/21/2025 13:23,NIFTY-25Nov2025-25900-PE,SELL,150,31.8,Traded,1.35225E+13,30,0.6,90,2:38,11/21/2025 7:53,PE,"t30=timestamp('GMT',2025,11,21,7,53,49)","line.new(t30,low,t30,high,xloc.bar_time,extend.both,color.blue,line.style_solid,1)","line.new(t30,low,t30,high,xloc.bar_time,extend.both,color.red,line.style_solid,1)","line.new(t30,low,t30,high,xloc.bar_time,extend.both,color.green,line.style_solid,2)","label.new(t30, high * 1.02, text=str.tostring(0.6), xloc=xloc.bar_time, style=label.style_label_center, color=color.green, textcolor=color.white, size=size.small)"
11/21/2025 13:40,NIFTY-25Nov2025-25900-PE,BUY,150,29.95,Traded,1.31225E+13,31,,,,11/21/2025 8:10,PE,"t31=timestamp('GMT',2025,11,21,8,10,34)","line.new(t31,low,t31,high,xloc.bar_time,extend.both,color.yellow,line.style_solid,2)",,,
11/21/2025 13:43,NIFTY-25Nov2025-25900-PE,SELL,150,32.35,Traded,1.19225E+13,32,2.4,360,2:44,11/21/2025 8:13,PE,"t32=timestamp('GMT',2025,11,21,8,13,18)","line.new(t32,low,t32,high,xloc.bar_time,extend.both,color.blue,line.style_solid,1)","line.new(t32,low,t32,high,xloc.bar_time,extend.both,color.red,line.style_solid,1)","line.new(t32,low,t32,high,xloc.bar_time,extend.both,color.green,line.style_solid,2)","label.new(t32, high * 1.02, text=str.tostring(2.4), xloc=xloc.bar_time, style=label.style_label_center, color=color.green, textcolor=color.white, size=size.small)"
11/21/2025 13:46,NIFTY-25Nov2025-25500-PE,BUY,75,5.25,Traded,1.39225E+13,33,,,,11/21/2025 8:16,PE,"t33=timestamp('GMT',2025,11,21,8,16,5)","line.new(t33,low,t33,high,xloc.bar_time,extend.both,color.yellow,line.style_solid,2)",,,
11/21/2025 13:47,NIFTY-25Nov2025-25500-PE,SELL,75,5.2,Traded,1.29225E+13,34,0,0,1:10,11/21/2025 8:17,PE,"t34=timestamp('GMT',2025,11,21,8,17,15)","line.new(t34,low,t34,high,xloc.bar_time,extend.both,color.blue,line.style_solid,1)","line.new(t34,low,t34,high,xloc.bar_time,extend.both,color.red,line.style_solid,1)","line.new(t34,low,t34,high,xloc.bar_time,extend.both,color.red,line.style_solid,2)","label.new(t34, high * 1.02, text=str.tostring(-0.0), xloc=xloc.bar_time, style=label.style_label_center, color=color.red, textcolor=color.white, size=size.small)"
11/21/2025 14:03,NIFTY-25Nov2025-25900-PE,BUY,75,25.95,Traded,1.22225E+13,35,,,,11/21/2025 8:33,PE,"t35=timestamp('GMT',2025,11,21,8,33,51)","line.new(t35,low,t35,high,xloc.bar_time,extend.both,color.yellow,line.style_solid,2)",,,
11/21/2025 14:09,NIFTY-25Nov2025-25900-PE,SELL,75,24.45,Traded,1.19225E+14,36,-1.5,-112,5:31,11/21/2025 8:39,PE,"t36=timestamp('GMT',2025,11,21,8,39,22)","line.new(t36,low,t36,high,xloc.bar_time,extend.both,color.blue,line.style_solid,1)","line.new(t36,low,t36,high,xloc.bar_time,extend.both,color.red,line.style_solid,1)","line.new(t36,low,t36,high,xloc.bar_time,extend.both,color.red,line.style_solid,2)","label.new(t36, high * 1.02, text=str.tostring(-1.5), xloc=xloc.bar_time, style=label.style_label_center, color=color.red, textcolor=color.white, size=size.small)"
11/21/2025 14:09,NIFTY-25Nov2025-26300-CE,BUY,75,45.3,Traded,1.23225E+13,37,,,,11/21/2025 8:39,CE,"t37=timestamp('GMT',2025,11,21,8,39,53)","line.new(t37,low,t37,high,xloc.bar_time,extend.both,color.green,line.style_solid,2)",,,
11/21/2025 14:17,NIFTY-25Nov2025-26300-CE,SELL,75,47.55,Traded,1.14225E+14,38,2.2,165,7:19,11/21/2025 8:47,CE,"t38=timestamp('GMT',2025,11,21,8,47,12)","line.new(t38,low,t38,high,xloc.bar_time,extend.both,color.red,line.style_solid,1)","line.new(t38,low,t38,high,xloc.bar_time,extend.both,color.green,line.style_solid,1)","line.new(t38,low,t38,high,xloc.bar_time,extend.both,color.green,line.style_solid,2)","label.new(t38, high * 1.02, text=str.tostring(2.2), xloc=xloc.bar_time, style=label.style_label_center, color=color.green, textcolor=color.white, size=size.small)"
11/21/2025 14:22,NIFTY-25Nov2025-26300-CE,BUY,75,48.25,Traded,1.35225E+13,39,,,,11/21/2025 8:52,CE,"t39=timestamp('GMT',2025,11,21,8,52,16)","line.new(t39,low,t39,high,xloc.bar_time,extend.both,color.green,line.style_solid,2)",,,
11/21/2025 14:31,NIFTY-25Nov2025-26300-CE,SELL,75,46,Traded,1.30225E+13,40,-2.2,-165,9:15,11/21/2025 9:01,CE,"t40=timestamp('GMT',2025,11,21,9,1,31)","line.new(t40,low,t40,high,xloc.bar_time,extend.both,color.red,line.style_solid,1)","line.new(t40,low,t40,high,xloc.bar_time,extend.both,color.green,line.style_solid,1)","line.new(t40,low,t40,high,xloc.bar_time,extend.both,color.red,line.style_solid,2)","label.new(t40, high * 1.02, text=str.tostring(-2.2), xloc=xloc.bar_time, style=label.style_label_center, color=color.red, textcolor=color.white, size=size.small)"
11/21/2025 14:37,NIFTY-25Nov2025-26300-CE,BUY,75,48.75,Traded,1.37225E+13,41,,,,11/21/2025 9:07,CE,"t41=timestamp('GMT',2025,11,21,9,7,23)","line.new(t41,low,t41,high,xloc.bar_time,extend.both,color.green,line.style_solid,2)",,,
11/21/2025 14:39,NIFTY-25Nov2025-26300-CE,SELL,75,43.65,Traded,1.35225E+13,42,-5.1,-382,2:03,11/21/2025 9:09,CE,"t42=timestamp('GMT',2025,11,21,9,9,26)","line.new(t42,low,t42,high,xloc.bar_time,extend.both,color.red,line.style_solid,1)","line.new(t42,low,t42,high,xloc.bar_time,extend.both,color.green,line.style_solid,1)","line.new(t42,low,t42,high,xloc.bar_time,extend.both,color.red,line.style_solid,2)","label.new(t42, high * 1.02, text=str.tostring(-5.1), xloc=xloc.bar_time, style=label.style_label_center, color=color.red, textcolor=color.white, size=size.small)"
11/21/2025 14:40,NIFTY-25Nov2025-25900-PE,BUY,75,26.8,Traded,1.23225E+13,43,,,,11/21/2025 9:10,PE,"t43=timestamp('GMT',2025,11,21,9,10,30)","line.new(t43,low,t43,high,xloc.bar_time,extend.both,color.yellow,line.style_solid,2)",,,
11/21/2025 14:47,NIFTY-25Nov2025-25900-PE,SELL,75,31.75,Traded,1.40225E+13,44,4.9,368,6:46,11/21/2025 9:17,PE,"t44=timestamp('GMT',2025,11,21,9,17,16)","line.new(t44,low,t44,high,xloc.bar_time,extend.both,color.blue,line.style_solid,1)","line.new(t44,low,t44,high,xloc.bar_time,extend.both,color.red,line.style_solid,1)","line.new(t44,low,t44,high,xloc.bar_time,extend.both,color.green,line.style_solid,2)","label.new(t44, high * 1.02, text=str.tostring(4.9), xloc=xloc.bar_time, style=label.style_label_center, color=color.green, textcolor=color.white, size=size.small)"
